title,category,score,url
"Eight years of wanting, three months of building with AI",technology,292,https://lalitm.com/post/building-syntaqlite-ai/
A tail-call interpreter in (nightly) Rust,technology,59,https://www.mattkeeter.com/blog/2026-04-05-tailcall/
Computational Physics (2nd Edition),science,26,https://websites.umich.edu/~mejn/cp2/
Codex is switching to API pricing based usage for all users,technology,137,https://help.openai.com/en/articles/20001106-codex-rate-card
Nanocode: The best Claude Code that $200 can buy in pure JAX on TPUs,technology,48,https://github.com/salmanmohammadi/nanocode/discussions/1
From birds to brains: My path to the fusiform face area (2024),technology,8,https://www.kavliprize.org/nancy-kanwisher-autobiography
The threat is comfortable drift toward not understanding what you're doing,worldnews,627,https://ergosphere.blog/posts/the-machines-are-fine/
My Google Workspace account suspension,science,246,https://zencapital.substack.com/p/sad-story-of-my-google-workspace
The Melanesian: Dark-skinned people with blonde hair region of Oceania,technology,20,https://guardian.ng/life/the-melanesian-dark-skinned-people-with-blonde-hair/
Someone at BrowserStack is leaking users' email addresses,technology,320,https://shkspr.mobi/blog/2026/04/someone-at-browserstack-is-leaking-users-email-address/
Introduction to Computer Music (2009) [pdf],technology,206,https://composerprogrammer.com/introductiontocomputermusic.pdf
Show HN: OsintRadar – Curated directory for osint tools,entertainment,55,https://osintradar.com/
"With one million displaced, Lebanon turns to digital wallets for aid",technology,20,https://www.wired.com/story/with-one-million-displaced-lebanon-turns-to-digital-wallets-for-aid/
Show HN: A game where you build a GPU,technology,876,https://jaso1024.com/mvidia/
"LLM Wiki – example of an ""idea file""",technology,264,https://gist.github.com/karpathy/442a6bf555914893e9891c11519de94f
Apple approves driver that lets Nvidia eGPUs work with Arm Macs,technology,475,https://twitter.com/__tinygrad__/status/2039213719155310736
Show HN: M. C. Escher spiral in WebGL inspired by 3Blue1Brown,entertainment,144,https://static.laszlokorte.de/escher/
"Show HN: I made open source, zero power PCB hackathon badges",entertainment,147,https://github.com/KaiPereira/Overglade-Badges
"Zml-smi: universal monitoring tool for GPUs, TPUs and NPUs",technology,70,https://zml.ai/posts/zml-smi/
Show HN: I built a small app for FSI German Course,entertainment,46,https://detawk.com/
"Meta, Google under attack as court cases bypass 30-year-old legal shield",worldnews,11,https://www.cnbc.com/2026/04/03/meta-google-under-attack-court-cases-bypass-30-year-old-legal-shield.html
Embarrassingly simple self-distillation improves code generation,technology,630,https://arxiv.org/abs/2604.01193
Tell HN: Anthropic no longer allowing Claude Code subscriptions to use OpenClaw,technology,1066,
Writing Lisp is AI resistant and I'm sad,technology,80,https://blog.djhaskin.com/blog/writing-lisp-is-ai-resistant-and-im-sad/
Right to repair: Why the US military can't fix much of its own equipment,technology,21,https://taskandpurpose.com/tech-tactics/us-military-right-to-repair/
"Show HN: Contrapunk – Real-time counterpoint harmony from guitar input, in Rust",entertainment,83,https://contrapunk.com/
Claude Code Found a Linux Vulnerability Hidden for 23 Years,technology,407,https://mtlynch.io/claude-code-found-linux-vulnerability/
"Show HN: sllm – Split a GPU node with other developers, unlimited tokens",technology,173,https://sllm.cloud
Costco sued for seeking refunds on tariffs customers paid,technology,81,https://arstechnica.com/tech-policy/2026/03/costco-sued-for-seeking-refunds-on-tariffs-customers-paid/
"Power-washing, pool-cleaning and mowing – playing games about mundane jobs",sports,18,https://www.bbc.com/news/articles/cj60r2kdnw1o
SpaceX and OpenAI: The Mega IPO Grift [video],technology,18,https://www.youtube.com/watch?v=iOyFja87uyw
VR Realizes the Cyberspace Metaphor,science,15,https://yadin.com/notes/vr-disrupts/
"When legal sports betting surges, so do Americans' financial problems",sports,212,https://www.npr.org/2026/04/04/nx-s1-5773354/legal-sports-betting-research-credit-bankruptcy
Banray.eu: Raising awareness of the terrible idea that is always-on AI glasses,technology,28,https://banray.eu/en/index.html
Elizabeth I's Manuscript of Pierre Boaistuau's Histoires Prodigieuses (1559),technology,5,https://publicdomainreview.org/collection/histoires-prodigieuses/
How Pope Leo is pushing back on divine justification of war,worldnews,59,https://www.cnn.com/2026/04/04/middleeast/pope-leo-iran-war-analysis-latam-intl
Iranian missile blitz takes down AWS data centers in Bahrain and Dubai,technology,178,https://www.tomshardware.com/tech-industry/iranian-missile-blitz-takes-down-aws-data-centers-in-bahrain-and-dubai-amazon-declares-hard-down-status-for-multiple-zones
Show HN: I built a frontpage for personal blogs,entertainment,764,https://text.blogosphere.app/
Roogle: a Rust API search engine,technology,6,https://github.com/roogle-rs/roogle
"Japanese, French and Omani Vessels Cross Strait of Hormuz",technology,104,https://japantoday.com/category/politics/japanese-french-and-omani-vessels-cross-the-strait-of-hormuz
Brain scans reveal how to enters a psychedelic-like trance without drugs,technology,70,https://www.psypost.org/brain-scans-reveal-how-a-woman-voluntarily-enters-a-psychedelic-like-trance-without-drugs/
"Microsoft terms say Copilot is for entertainment purposes only, not serious use",technology,47,https://www.tomshardware.com/tech-industry/artificial-intelligence/microsoft-says-copilot-is-for-entertainment-purposes-only-not-serious-use-firm-pushing-ai-hard-to-consumers-tells-users-not-to-rely-on-it-for-important-advice
Post Mortem: axios NPM supply chain compromise,technology,283,https://github.com/axios/axios/issues/10636
Show HN: TurboQuant-WASM – Google's vector quantization in the browser,entertainment,157,https://github.com/teamchong/turboquant-wasm
Show HN: Apfel – The free AI already on your Mac,technology,721,https://apfel.franzai.com
Sopwith – 1984 Game (2000),sports,96,http://www.sopwith.org/
Training mRNA Language Models Across 25 Species for $165,technology,145,
"Run Linux containers on Android, no root required",technology,215,https://github.com/ExTV/Podroid
Great Plains Shelterbelt,technology,3,https://en.wikipedia.org/wiki/Great_Plains_Shelterbelt
We replaced RAG with a virtual filesystem for our AI documentation assistant,technology,397,https://www.mintlify.com/blog/how-we-built-a-virtual-filesystem-for-our-assistant
The Technocracy Movement of the 1930s,technology,166,https://donotresearch.substack.com/p/welcome-to-the-technocracy
Every dependency you add is a supply chain attack waiting to happen,technology,6,https://benhoyt.com/writings/dependencies/
The Locksmith's Apprentice – Claude told me to expose my data without auth,technology,3,https://mpdc.dev/the-locksmiths-apprentice/
The FAA’s flight restriction for drones is an attempt to criminalize filming ICE,entertainment,539,https://www.eff.org/deeplinks/2026/04/faas-temporary-flight-restriction-drones-blatant-attempt-criminalize-filming-ice
"Show HN: Pluck – Copy any UI from any website, paste it into AI coding tools",technology,18,https://www.pluck.so/
Code Reviews Need to Evolve,technology,5,https://www.latent.space/p/reviews-dead
"Extra usage credit for Pro, Max, and Team plans",sports,64,https://support.claude.com/en/articles/14246053-extra-usage-credit-for-pro-max-and-team-plans
"Netflix must refund customers for years of price hikes, Italian court rules",entertainment,61,https://arstechnica.com/gadgets/2026/04/netflix-ordered-to-refund-subscribers-up-to-e500-for-unlawful-price-hikes/
Lemonade by AMD: a fast and open source local LLM server using GPU and NPU,technology,568,https://lemonade-server.ai
OpenAI Acquires TBPN,technology,238,https://openai.com/index/openai-acquires-tbpn/
"Delve claiming that whistleblower was part of a ""targeted cyberattack""",technology,6,https://delve.co/blog/delve-sets-the-record-straight-on-anonymous-attacks
Artemis computer running two instances of MS outlook; they can't figure out why,technology,492,https://bsky.app/profile/nikigrayson.com/post/3miik2wzosk25
How to Write Unmaintainable Code (1999),technology,54,https://www.doc.ic.ac.uk/%7Esusan/475/unmain.html
"Iran strikes leave Amazon availability zones ""hard down"" in Bahrain and Dubai",technology,242,https://www.bigtechnology.com/p/iran-strikes-leave-amazon-availability
Qwen3.6-Plus: Towards real world agents,worldnews,587,https://qwen.ai/blog?id=qwen3.6
Mercor says it was hit by cyberattack tied to compromise LiteLLM,technology,150,https://techcrunch.com/2026/03/31/mercor-says-it-was-hit-by-cyberattack-tied-to-compromise-of-open-source-litellm-project/
Tailscale's new macOS home,technology,562,https://tailscale.com/blog/macos-notch-escape
Steam on Linux Use Skyrocketed Above 5% in March,sports,781,https://www.phoronix.com/news/Steam-On-Linux-Tops-5p
Show HN: DocMason – Agent Knowledge Base for local complex office files,entertainment,9,https://github.com/jetxu-llm/docmason
Good ideas do not need lots of lies in order to gain public acceptance (2008),technology,364,https://blog.danieldavies.com/2004/05/d-squared-digest-one-minute-mba.html
A case study in testing with 100+ Claude agents in parallel,science,55,https://imbue.com/product/mngr_part_2/
Show HN: ctx – an Agentic Development Environment (ADE),entertainment,51,https://ctx.rs
Show HN: Dev Personality Test,entertainment,8,https://personality.4m1r.dev/
Firm boosts H.264 streaming license fees from $100k up to staggering $4.5M,entertainment,192,https://www.tomshardware.com/service-providers/streaming/h264-streaming-license-fees-jump-from-100000-to-4-5-million
"Show HN: Ownscribe – local meeting transcription, summarization and search",entertainment,13,https://github.com/paberr/ownscribe
The Axios supply chain attack used individually targeted social engineering,technology,47,https://simonwillison.net/2026/Apr/3/supply-chain-social-engineering/
Show HN: Travel Hacking Toolkit – Points search and trip planning with AI,technology,92,https://github.com/borski/travel-hacking-toolkit
DCJ11Hack+ – DEC PDP/11 based homebrew computer,technology,30,https://codeberg.org/TechPaula/DCJ11HackPlus
Software never had a soul,technology,20,https://www.jmduke.com/posts/software-never-had-a-soul.html
Significant raise of reports,technology,313,https://lwn.net/Articles/1065620/
"Show HN: Dull – Instagram Without Reels, YouTube Without Shorts (iOS)",entertainment,152,https://getdull.app
Bun: cgroup-aware AvailableParallelism / HardwareConcurrency on Linux,technology,45,https://github.com/oven-sh/bun/pull/28801
Show HN: Chrome extension prototype for cross-tab/frame network interception,entertainment,4,https://github.com/vsromanc/framelink
Critics say EU risks ceding control of its tech laws under U.S. pressure,technology,240,https://www.politico.eu/article/fatal-decision-eu-slammed-for-caving-to-us-pressure-on-digital-rules/
50 years measuring the cleanest air,technology,23,https://www.csiro.au/en/news/All/News/2026/April/50-years-measuring-the-worlds-cleanest-air
Memo: A language that remembers only the last 12 lines of code,technology,57,https://danieltemkin.com/Esolangs/Memo/
Show HN: Uncompressed – Self-hosted Netflix alternative at 60 Mbps instead of 15,entertainment,6,https://uncompressed.media
Show HN: Made a little Artemis II tracker,entertainment,151,https://artemis-ii-tracker.com/
SpaceX files to go public,science,397,https://www.nytimes.com/2026/04/01/technology/spacex-ipo-elon-musk.html
Show HN: Mtproto.zig – High-performance Telegram proxy with DPI evasion,entertainment,21,https://github.com/sleep3r/mtproto.zig
Show HN: ImPlot v1.0 – 6 years of Immediate-mode plotting for Dear ImGui,entertainment,4,https://github.com/epezent/implot
The Spaceballs sequel will be released in April next year,science,7,https://www.engadget.com/entertainment/tv-movies/the-spaceballs-sequel-will-be-released-in-april-next-year-213543871.html
Show HN: Ismcpdead.com – Live dashboard tracking MCP adoption and sentiment,entertainment,35,https://ismcpdead.com
Renewables reached nearly 50% of global electricity capacity last year,worldnews,296,https://www.theregister.com/2026/04/01/renewables_generated_nearly_half_global_power/
Email obfuscation: What works in 2026?,technology,369,https://spencermortensen.com/articles/email-obfuscation/
AI that copied musical artist files copyright claim against artist [updated],technology,62,https://twitter.com/VladTheInflator/status/2039577001531768906
OpenAI closes funding round at an $852B valuation,technology,529,https://www.cnbc.com/2026/03/31/openai-funding-round-ipo.html
Nandgame – Build a Computer from Scratch,technology,5,https://nandgame.com/
"Apple at 50, blind people and our allies shaping Apple accessibility innovation",technology,8,https://nfb.org/resources/publications-and-media/access-on-podcast/apple-50-blind-people-and-our-allies-shaping
The SimCity Planning Commission Handbook (2024),entertainment,5,https://www.thomas-huehn.com/simcity/
Enabling Codex to Analyze Two Decades of Hacker News Data,technology,87,https://modolap.com/publication/hn-analysis-1
Why LLM-Generated Passwords Are Dangerously Insecure,technology,19,https://www.irregular.com/publications/vibe-password-generation
"LinkedIn scans for 6k Chrome extensions, collects data",technology,5,https://www.bleepingcomputer.com/news/security/linkedin-secretly-scans-for-6-000-plus-chrome-extensions-collects-data/
"Random numbers, Persian code: A mysterious signal transfixes radio sleuths",technology,128,https://www.rferl.org/a/mystery-numbers-station-persian-signal-iran-war/33700659.html
Why samurai are cooler than klingons,technology,10,https://docseuss.medium.com/why-samurai-are-cooler-than-klingons-2b296cd0dc25
"""Cognitive surrender"" leads AI users to abandon logical thinking, research finds",technology,96,https://arstechnica.com/ai/2026/04/research-finds-ai-users-scarily-willing-to-surrender-their-cognition-to-llms/
"Sweden goes back to basics, swapping screens for books in the classroom",entertainment,898,https://undark.org/2026/04/01/sweden-schools-books/
12k AI-generated blog posts added in a single commit,technology,147,https://github.com/OneUptime/blog/commit/30cd2384794c897d95aca77d173db44af51ca849
SpaceX Pushes Back Crucial Starship Test Launch,science,12,https://www.wsj.com/business/spacex-pushes-back-crucial-starship-test-launch-e1fb91f5
Let's be Honest about AI Coding,technology,23,https://kenkantzer.com/lets-be-honest-about-ai/
Almighty Lisp: Lisp and Emacs Essentials Book,entertainment,75,https://almightylisp.com/
Show HN: Postgres extension for BM25 relevance-ranked full-text search,entertainment,202,https://github.com/timescale/pg_textsearch
Things I Think I Think... Preferring Local OSS LLMs,technology,53,https://blogs.newardassociates.com/blog/2026/titit-local-ai.html
An AI bot invited me to its party in Manchester. It was a pretty good night,technology,8,https://www.theguardian.com/technology/2026/apr/05/ai-bot-party-manchester-gaskell
"Iran's Network of Cameras Bolsters Air Defenses, Expert Says",technology,48,https://www.wsj.com/livecoverage/iran-war-news-2026/card/iran-s-network-of-cameras-bolsters-air-defenses-expert-says-IqjSSuOcGNrxzsrp52i8
New Rowhammer attacks give complete control of machines running Nvidia GPUs,technology,132,https://arstechnica.com/security/2026/04/new-rowhammer-attacks-give-complete-control-of-machines-running-nvidia-gpus/
Show HN: I built a DNS resolver from scratch in Rust – no DNS libraries,entertainment,113,https://github.com/razvandimescu/numa
Ordinary Lab Gloves May Have Skewed Microplastic Data,technology,139,https://nautil.us/ordinary-lab-gloves-may-have-skewed-microplastic-data-1279386
AI for American-produced cement and concrete,technology,223,https://engineering.fb.com/2026/03/30/data-center-engineering/ai-for-american-produced-cement-and-concrete/
I traced my traffic through a home Tailscale exit node,technology,155,https://tech.stonecharioteer.com/posts/2026/tailscale-exit-nodes/
The case for zero-error horizons in trustworthy LLMs,technology,79,https://arxiv.org/abs/2601.15714
Automatic Textbook Formalization,entertainment,44,https://github.com/facebookresearch/repoprover
A Rave Review of Superpowers (For Claude Code),technology,47,https://emschwartz.me/a-rave-review-of-superpowers-for-claude-code/
"Reporting potholes with an ESP32, LoRA, and AI",technology,33,https://thingswemake.com/pothole-in-one/
Show HN: Tokencap – Token budget enforcement across your AI agents,technology,7,https://github.com/pykul/tokencap
"Show HN: 1-Bit Bonsai, the First Commercially Viable 1-Bit LLMs",technology,425,https://prismml.com/
Show HN: A P2P messenger with dual network modes (Fast and Tor),entertainment,39,https://github.com/Realman78/Kiyeovo/
China Edges Past U.S. in Global Approval Ratings,worldnews,7,https://news.gallup.com/poll/707945/china-edges-past-global-approval-ratings.aspx
Towards end-to-end automation of AI research,technology,6,https://www.nature.com/articles/s41586-026-10265-5
Show HN: I tested 15 free AI models at building real software on a $25/year VPS,technology,36,https://georgelarson.me/writing/2026-04-03-25-dollar-ai-lab/
Show HN: AdaShape-3D modeler for intuitive 3D printing parts / Windows 11,entertainment,4,https://adashape.com
Wikidata for Developers,technology,8,https://www.wikidata.org/wiki/Wikidata:For_developers
I attacked myself with Google Spreadsheets (2012),worldnews,3,https://www.behind-the-enemy-lines.com/2012/04/google-attack-how-i-self-attacked.html
GitHub Monaspace Case Study,science,146,https://lettermatic.com/custom/monaspace-case-study
The Australian government has announced gambling advertising reforms,worldnews,133,https://www.bbc.com/news/articles/c62492e925lo
Show HN: TinyOS – A minimalist RTOS for Cortex-M written in C,entertainment,100,https://github.com/cmc-labo/tinyos-rtos
Show HN: SyNumpy – a Header only C++17 library for working with NumPy Arrays,entertainment,21,https://github.com/symisc/sy-numpy-cpp
Microsoft: Copilot is for entertainment purposes only,technology,586,https://www.microsoft.com/en-us/microsoft-copilot/for-individuals/termsofuse
Mission to Recover Downed F-15E Aircrew,technology,8,https://theaviationist.com/2026/04/04/csar-in-the-spotlight/
Tech Companies Are Trying to Neuter Colorado's Landmark Right-to-Repair Law,technology,51,https://www.wired.com/story/tech-companies-are-trying-to-neuter-colorados-landmark-right-to-repair-law/
SolveSpace (open source 2D/3D CAD) working on Windows 2000 (2025),science,40,https://github.com/solvespace/solvespace/issues/1036
PIGuard: Prompt Injection Guardrail via Mitigating Overdefense for Free,technology,15,https://injecguard.github.io/
Show HN: DotReader – connects ideas across your books automatically,entertainment,5,https://dotreader.info
Show HN: Web Push Notifications for Hacker News,entertainment,5,https://hn-push.val.run
OpenRouter Raises $120M at a $1.3B Valuation,technology,10,https://www.inc.com/ben-sherry/openrouter-helps-companies-pick-the-best-ai-for-the-job-and-could-be-worth-1-3-billion/91325983
"A broken auto-live poller, and what perceived urgency does to Claude Code",technology,4,https://christophermeiklejohn.com/ai/zabriskie/reliability/2026/04/03/the-feature-that-has-never-worked.html
"Show HN: Minimal Brain Teaser Web Game (Handcrafted, No AI)",technology,25,https://mehuleo.github.io/encircle/
Kids groups say they didn't know OpenAI was behind their child safety coalition,technology,35,https://sfstandard.com/2026/04/01/openai-ai-kids-safety-coalition/
ENiGMA½ BBS Software,technology,10,https://github.com/NuSkooler/enigma-bbs/
OpenAI Cap Table leak reveals Microsoft's 18x return,technology,30,https://www.forbes.com/sites/josipamajic/2026/04/02/openai-cap-table-leak-reveals-microsofts-18x-return-softbanks-50b-gain-and-a-ceo-who-owns-nothing/
"Writing an LLM from scratch, part 32h – Interventions: full fat float32",technology,7,https://www.gilesthomas.com/2026/04/llm-from-scratch-32h-interventions-full-fat-float32
Three main saturated fats raise your cholesterol,technology,48,https://www.empirical.health/blog/saturated-fats-cholesterol-heart-disease/
Signing data structures the wrong way,technology,120,https://blog.foks.pub/posts/domain-separation-in-idl/
Claude Code Unpacked : A visual guide,technology,1112,https://ccunpacked.dev/
Show HN: Flight-Viz – 10K flights on a 3D globe in 3.5MB of Rust+WASM,entertainment,88,https://flight-viz.com
Sandbox Strategy Game for AI,technology,6,https://villagewars.xyz/
r/programming bans all discussion of LLM programming,technology,196,https://old.reddit.com/r/programming/comments/1s9jkzi/announcement_temporary_llm_content_ban/
Show HN: Claude Code rewritten as a bash script,technology,59,https://github.com/jdcodes1/claude-sh
"Vitalik Buterin – ""My self-sovereign / local / private / secure LLM setup""",technology,34,https://vitalik.eth.limo/general/2026/04/02/secure_llms.html
Solana Drift Protocol drained of $285M via fake token and governance hijack,technology,78,https://anonhaven.com/en/news/drift-protocol-hack-285-million-solana/
Ask HN: Distributed data centers in our basements,technology,74,
Intelligence Cannot Be Trained?,technology,7,
Securing Elliptic Curve Cryptocurrencies Against Quantum Vulnerabilities [pdf],technology,54,https://quantumai.google/static/site-assets/downloads/cryptocurrency-whitepaper.pdf
Google Cloud: Investing in the Future of PostgreSQL,technology,33,https://opensource.googleblog.com/2026/03/google-cloud-investing-in-the-future-of-postgresql.html
Show HN: Sundial – a new way to look at a weather forecast,entertainment,65,https://sundial.page/
Super Micro Computer Investors Look for Exits,technology,41,https://catenaa.com/markets/equities/super-micro-computer-investors-look-for-exits/
Ukrainian drone holds position for 6 weeks,technology,171,https://defenceleaders.com/news/ukrainian-combat-robot-holds-frontline-position-for-six-weeks-in-sign-of-growing-ugv-maturity/
Mullenweg to Cloudflare: Keep WordPress Out of Your Mouth,technology,11,https://www.searchenginejournal.com/mullenweg-to-cloudflare-keep-wordpress-out-of-your-mouth/571119/
European Commission cloud breach: a supply-chain compromise,technology,16,https://cert.europa.eu/blog/european-commission-cloud-breach-trivy-supply-chain
Iran Threatens to Bomb 1GW Stargate AI Datacenter in Abu Dhabi,technology,13,https://timesofindia.indiatimes.com/technology/tech-news/iran-threatens-to-bomb-1gw-stargate-ai-datacenter-in-the-uae-shows-hidden-/articleshow/130003120.cms
The Claude Code Leak,technology,199,https://build.ms/2026/4/1/the-claude-code-leak/
"On the trail of ancient art, deep in the Sahara",technology,29,https://www.ft.com/content/524ed21e-5c35-489e-ae0b-90d40b4cf28a
The danger of military AI isn't killer robots; it's worse human judgement,technology,23,https://www.defenseone.com/technology/2026/03/military-ai-troops-judgement/412390/
AWS has officially removed all EC2 instances in Bahrain from their docs,technology,57,https://twitter.com/astuyve/status/2039777883485254081
Show HN: Run Claude Code autonomously inside your Docker Compose stack (OSS),technology,8,https://github.com/sayil/dangerously
Show HN: Real-time dashboard for Claude Code agent teams,technology,76,https://github.com/simple10/agents-observe
Show HN: Adentris (YC P25) – Find mistakes in your medical records,entertainment,15,
GitHub has DMCA'd nearly all forks of the official Claude-code repo,technology,52,https://github.com/anthropics/claude-code/forks
Ask HN: Learning resources for building AI agents?,technology,8,
Should you upload blood test results to AI?,technology,5,https://www.wsj.com/tech/ai/health-data-perplexity-claude-ai-d792a2df
The AI Marketing BS Index,technology,107,https://bastian.rieck.me/blog/2026/bs/
What Exoskeleton Technology Learned from One User,technology,13,https://spectrum.ieee.org/exoskeleton-user-experience
Audit Claude Platform Activity with the Compliance API,technology,6,https://claude.com/blog/claude-platform-compliance-api
Switzerland hosts 'CERN of semiconductor research',science,34,https://www.swissinfo.ch/eng/swiss-ai/switzerland-hosts-cern-of-semiconductor-research/91015332
Marc Andreessen Is Right That AI Isn't Killing Jobs. Interest Rate Hikes Are,technology,38,https://www.governance.fyi/p/marc-andreessen-is-right-that-ai
Group Pushing Age Verification for AI Turns Out to Be Backed by OpenAI,technology,53,https://gizmodo.com/group-pushing-age-verification-requirements-for-ai-turns-out-to-be-sneakily-backed-by-openai-2000741069
Priced Out by AI: The Memory Chip Crisis Hitting Every Consumer,technology,6,https://smarterarticles.co.uk/priced-out-by-ai-the-memory-chip-crisis-hitting-every-consumer
Jobs Being Created by AI,technology,5,https://www.wsj.com/tech/ai/wanted-head-of-human-ai-solutions-the-new-jobs-being-created-by-ai-870c6ed5
Show HN: Hacker News RSS Feed Directory,entertainment,8,https://huggingface.co/datasets/open-index/hacker-news-rss
Show HN: Sycamore – next gen Rust web UI library using fine-grained reactivity,technology,95,https://sycamore.dev
"Iran war sparks renewables boom as Europeans rush to buy solar, heat pumps, EVs",worldnews,86,https://www.euronews.com/2026/03/31/iran-war-sparks-renewables-boom-as-europeans-rush-to-buy-solar-heat-pumps-and-evs
"Run a Local LLM, and discover why LLMs are unpredictable",technology,8,https://newsletter.bphogan.com/archive/issue-51-run-a-local-llm-and-discover-why-llms/
AIsbf (AI Should Be Free) 0.9.8 Released,technology,4,https://pypi.org/project/aisbf/
ReactOS Shows Improved Stability and 64-Bit Support at Chemnitz Linux Days 2026,entertainment,70,https://old.reddit.com/r/reactos/comments/1sa26yu/back_from_chemnitz_linux_days_2026/
Users say Adobe Creative Cloud rewrote hosts file to detect installed app,technology,67,https://piunikaweb.com/2026/04/01/adobe-creative-cloud-rewrites-hosts-file/
Comparing C/C++ unity build with regular build on a large codebase (2024),technology,12,https://hereket.com/posts/cpp-unity-compile-inkscape/
Show HN: A Minimal Basic Inspired by Brainfuck,technology,9,https://coe.psu.ac.th/ad/minBASIC/
"ZomboCom stolen by a hacker, sold, now replaced with AI-generated makeover",technology,76,https://old.reddit.com/r/oldinternet/comments/1raiz8v/zombocom_was_stolen_by_hacker_put_up_for_sale_and/
"Claude AI finds Vim, Emacs RCE bugs that trigger on file open",technology,12,https://www.bleepingcomputer.com/news/security/claude-ai-finds-vim-emacs-rce-bugs-that-trigger-on-file-open/
Samsung's Blood Pressure Monitoring Feature Now Available,technology,11,https://news.samsung.com/us/samsung-blood-pressure-monitoring-feature-available
"OpenUMA – bring Apple-style unified memory to x86 AI inference (Rust, Linux)",technology,6,https://github.com/hamtun24/openuma
Show HN: We open-sourced our content writing workflow as a Claude Code skill,technology,18,https://www.npmjs.com/package/claude-content-writer
"Show HN: Semantic atlas of 188 constitutions in 3D (30k articles, embeddings)",entertainment,12,https://constitutionalmap.ai/en
Spain has the biggest concentration of greenhouses,technology,6,https://www.theguardian.com/environment/2026/mar/29/europe-vegetable-garden-greenhouses-andalusia-spain
Show HN: Wazear – A visual AI orchestrator where agents review each other,technology,4,
Vitalik Buterin: My self-sovereign/local/private/secure LLM setup,technology,7,https://vitalik.eth.limo/general/2026/04/02/secure_llms.html
Byte-Pair Encoding,technology,9,https://en.wikipedia.org/wiki/Byte-pair_encoding
FBI labels suspected China hack of law enforcement data 'a major cyber incident',technology,4,https://www.nbcnews.com/news/us-news/fbi-labels-suspected-china-hack-law-enforcement-data-major-cyber-incid-rcna266495
Show HN: EU Leadership – Live API data site comparing Europe to the world,technology,34,https://ajh.ovh/
Ubuntu now has higher system hardware requirements than Windows 11,worldnews,24,https://documentation.ubuntu.com/release-notes/26.04/
Montana referendum to outlaw corporate campaign contributions [video],technology,63,https://www.youtube.com/watch?v=p1fPbGHe3xE
I used AI. It worked. I hated it,technology,14,https://taggart-tech.com/reckoning/
Wikidata: WikiProject Ontology/Ontology Course,technology,10,https://www.wikidata.org/wiki/Wikidata:WikiProject_Ontology/Ontology_Course
Show HN: AI-first PostgreSQL client for Mac,technology,6,https://guillim.github.io/products/paul
A $20/month user costs OpenAI $65 in compute. AI video is a money furnace,technology,76,https://aedelon777.substack.com/p/i-did-the-math-on-sora-ai-video-is
Netflix just dropped their first public model on Hugging Face: VOID,entertainment,16,https://huggingface.co/netflix/void-model
Amazon data center in Bahrain attacked by Iranian Revolutionary Guards,technology,25,https://www.reuters.com/world/middle-east/amazons-cloud-business-bahrain-damaged-iran-strike-ft-reports-2026-04-01/
"Salomi, a research repo on extreme low-bit transformer quantization",science,12,https://github.com/OrionsLock/SALOMI
Old code never dies: why legacy software is often safer than new code,technology,6,https://andreafortuna.org/2026/04/02/old-code-never-dies/
Do LLMs Break the Sapir-Whorf Hypothesis?,technology,15,https://dnhkng.github.io/posts/sapir-whorf/
Quantum computer researchers: Bitcoin encryption breakable in a few years,technology,15,https://www.heise.de/en/news/Quantum-computer-researchers-Bitcoin-encryption-breakable-in-a-few-years-11244911.html
Show HN: Abject: the first self-aware object runtime,worldnews,10,https://blog.mempko.com/an-abject-horror/
AI Whiz Kids Dropped Out of College and Got Investors to Pay Their Bills,technology,6,https://www.wsj.com/tech/ai/ai-college-dropouts-ecc665b7
Show HN: 65k AI voters predict UK local elections with 75% accuracy,technology,9,https://kronaxis.co.uk/blog/predicting-may-7-elections
